"dataset","variant","accuracy","precision_macro","recall_macro","f1_macro","f1_weighted","doc_vector_build_s","train_time_s","predict_time_s","seed","delta_accuracy_pp","delta_f1_macro_pp"
"imdb","word2vec_plain",0.85824,0.85827,0.85824,0.858237,0.858237,67.1294,2.0431,0.0594,2024,0.0,0.0
"imdb","v2t_lexicon",0.86588,0.865882,0.86588,0.86588,0.86588,91.124,1.9777,0.0421,2024,0.764,0.7643
"imdb","v2t_synonym",0.84424,0.844373,0.84424,0.844225,0.844225,844.1706,6.0288,0.1224,2024,-1.4,-1.4012
"imdb","v2t_contextual",0.8594,0.85942,0.8594,0.859398,0.859398,352.0939,6.4856,0.1255,2024,0.116,0.1161
"imdb","v2t_full",0.86932,0.869321,0.86932,0.86932,0.86932,544.5661,5.4238,0.144,2024,1.108,1.1083
"labr","word2vec_plain",0.777778,0.777785,0.777772,0.777773,0.777775,22.1163,5.0572,0.012,2024,0.0,0.0
"labr","v2t_lexicon",0.787508,0.787546,0.787518,0.787504,0.787503,29.8804,6.1664,0.0235,2024,0.973,0.9731
"labr","v2t_synonym",0.763026,0.763043,0.763017,0.763017,0.76302,321.584,5.3782,0.0176,2024,-1.4752,-1.4756
"labr","v2t_contextual",0.776836,0.776841,0.776831,0.776832,0.776834,38.326,5.1262,0.013,2024,-0.0942,-0.0941
"labr","v2t_full",0.789705,0.789708,0.789708,0.789705,0.789705,39.8525,4.8774,0.0148,2024,1.1927,1.1932
"astd","word2vec_plain",0.635628,0.58577,0.587967,0.58668,0.637931,1.1924,0.1715,0.0054,2024,0.0,0.0
"astd","v2t_lexicon",0.676113,0.626972,0.626111,0.626529,0.675562,1.4668,0.2615,0.003,2024,4.0485,3.9849
"astd","v2t_synonym",0.712551,0.678191,0.691456,0.682491,0.717692,2.9205,0.5151,0.002,2024,7.6923,9.5811
"astd","v2t_contextual",0.635628,0.58577,0.587967,0.58668,0.637931,2.5857,0.182,0.002,2024,0.0,0.0
"astd","v2t_full",0.621457,0.608907,0.624491,0.602824,0.633822,2.3903,0.2329,0.003,2024,-1.4171,1.6144
