"dataset","model","family","classifier","n_seeds","accuracy_mean","accuracy_std","precision_macro_mean","precision_macro_std","recall_macro_mean","recall_macro_std","f1_macro_mean","f1_macro_std","f1_weighted_mean","f1_weighted_std","train_time_s_mean","train_time_s_std","predict_time_s_mean","predict_time_s_std"
"astd","tfidf_lr","TF-IDF","LR",3,0.777328,0.004049,0.744253,0.004873,0.739075,0.005789,0.741428,0.00485,0.776135,0.004005,0.016333,0.006444,"",""
"astd","tfidf_svm","TF-IDF","SVM",3,0.77058,0.006507,0.736388,0.007446,0.732438,0.003636,0.734251,0.005365,0.769647,0.005564,0.012967,0.002237,"",""
"astd","vec2tec_svm","Vec2Tec","SVM",3,0.678138,0.002025,0.626903,0.00527,0.62257,0.013251,0.623701,0.009721,0.675113,0.003552,0.108833,0.06509,"",""
"astd","word2vec_svm","Word2Vec","SVM",3,0.670715,0.006507,0.619681,0.009908,0.617114,0.017174,0.617233,0.013923,0.668542,0.007626,0.091933,0.023488,"",""
"astd","vec2tec_lr","Vec2Tec","LR",3,0.668691,0.013479,0.611684,0.016581,0.60389,0.017997,0.605995,0.018108,0.662488,0.013808,0.110467,0.090674,"",""
"astd","word2vec_lr","Word2Vec","LR",3,0.65722,0.021263,0.601871,0.021148,0.597693,0.02018,0.598784,0.020925,0.653792,0.019052,0.070033,0.019478,"",""
"astd4","tfidf_lr","TF-IDF","LR",3,0.471698,0.0,0.475779,0.0,0.471698,0.0,0.472772,0.0,0.472772,0.0,0.3678,0.161558,"",""
"astd4","tfidf_svm","TF-IDF","SVM",3,0.459119,0.0,0.460736,0.0,0.459119,0.0,0.459352,0.0,0.459352,0.0,0.028733,0.013854,"",""
"astd4","vec2tec_svm","Vec2Tec","SVM",3,0.371593,0.014267,0.370555,0.017242,0.371593,0.014267,0.351904,0.014766,0.351904,0.014766,0.515667,0.187434,"",""
"astd4","word2vec_svm","Word2Vec","SVM",3,0.371069,0.00416,0.369668,0.00715,0.371069,0.00416,0.347224,0.006439,0.347224,0.006439,0.3,0.118808,"",""
"astd4","vec2tec_lr","Vec2Tec","LR",3,0.341719,0.011155,0.337588,0.018786,0.341719,0.011155,0.314794,0.015841,0.314794,0.015841,0.315133,0.197288,"",""
"astd4","word2vec_lr","Word2Vec","LR",3,0.33543,0.012213,0.333592,0.022007,0.33543,0.012213,0.30674,0.016192,0.30674,0.016192,0.1845,0.092754,"",""
"imdb","tfidf_lr","TF-IDF","LR",3,0.9024,0.0,0.902405,0.0,0.9024,0.0,0.9024,0.0,0.9024,0.0,2.830367,1.813894,"",""
"imdb","tfidf_svm","TF-IDF","SVM",3,0.89436,0.0,0.894367,0.0,0.89436,0.0,0.89436,0.0,0.89436,0.0,1.075233,0.243122,"",""
"imdb","vec2tec_svm","Vec2Tec","SVM",3,0.875907,0.000751,0.875907,0.00075,0.875907,0.000751,0.875907,0.000751,0.875907,0.000751,2.609833,1.575609,"",""
"imdb","vec2tec_lr","Vec2Tec","LR",3,0.869227,0.000943,0.86923,0.000944,0.869227,0.000943,0.869227,0.000943,0.869227,0.000943,2.427533,1.340705,"",""
"imdb","word2vec_svm","Word2Vec","SVM",3,0.860667,0.000583,0.860682,0.00058,0.860667,0.000583,0.860665,0.000583,0.860665,0.000583,2.164833,0.648452,"",""
"imdb","word2vec_lr","Word2Vec","LR",3,0.858613,0.001166,0.858638,0.00116,0.858613,0.001166,0.858611,0.001166,0.858611,0.001166,1.877433,0.669734,"",""
"labr","tfidf_lr","TF-IDF","LR",3,0.833647,0.0,0.833662,0.0,0.833641,0.0,0.833643,0.0,0.833645,0.0,0.3468,0.050355,"",""
"labr","tfidf_svm","TF-IDF","SVM",3,0.818267,0.0,0.81828,0.0,0.818273,0.0,0.818267,0.0,0.818266,0.0,0.2472,0.045394,"",""
"labr","vec2tec_lr","Vec2Tec","LR",3,0.788972,0.00048,0.788974,0.000481,0.788972,0.00048,0.788972,0.000479,0.788972,0.00048,2.318867,1.214147,"",""
"labr","vec2tec_svm","Vec2Tec","SVM",3,0.787612,0.004144,0.787621,0.004153,0.787614,0.00415,0.787611,0.004145,0.787611,0.004144,3.3832,1.978119,"",""
"labr","word2vec_lr","Word2Vec","LR",3,0.774953,0.006301,0.774957,0.006303,0.774951,0.006302,0.774951,0.006301,0.774952,0.006301,1.350567,0.034027,"",""
"labr","word2vec_svm","Word2Vec","SVM",3,0.77307,0.006062,0.77309,0.006062,0.773068,0.006071,0.773064,0.006066,0.773065,0.006064,2.205067,0.141285,"",""
