"dataset","model","family","f1_macro_mean","train_time_s_mean"
"astd","tfidf_lr","TF-IDF",0.741428,0.016333
"astd","tfidf_svm","TF-IDF",0.734251,0.012967
"astd","vec2tec_svm","Vec2Tec",0.623701,0.108833
"astd","word2vec_svm","Word2Vec",0.617233,0.091933
"astd","vec2tec_lr","Vec2Tec",0.605995,0.110467
"astd","word2vec_lr","Word2Vec",0.598784,0.070033
"imdb","tfidf_lr","TF-IDF",0.9024,2.830367
"imdb","tfidf_svm","TF-IDF",0.89436,1.075233
"imdb","vec2tec_svm","Vec2Tec",0.875907,2.609833
"imdb","vec2tec_lr","Vec2Tec",0.869227,2.427533
"imdb","word2vec_svm","Word2Vec",0.860665,2.164833
"imdb","word2vec_lr","Word2Vec",0.858611,1.877433
"labr","tfidf_lr","TF-IDF",0.833643,0.3468
"labr","tfidf_svm","TF-IDF",0.818267,0.2472
"labr","vec2tec_lr","Vec2Tec",0.788972,2.318867
"labr","vec2tec_svm","Vec2Tec",0.787611,3.3832
"labr","word2vec_lr","Word2Vec",0.774951,1.350567
"labr","word2vec_svm","Word2Vec",0.773064,2.205067
