"dataset","language","text_type","n_classes","model","family","classifier","seed","accuracy","precision_macro","recall_macro","f1_macro","f1_weighted","train_time_s","predict_time_s"
"astd","Arabic","short tweet",2,"tfidf_lr","TF-IDF","LR",42,0.777328,0.744104,0.744104,0.744104,0.777328,0.0095,""
"astd","Arabic","short tweet",2,"tfidf_lr","TF-IDF","LR",123,0.773279,0.739457,0.732746,0.735829,0.771669,0.0172,""
"astd","Arabic","short tweet",2,"tfidf_lr","TF-IDF","LR",2024,0.781377,0.749199,0.740374,0.744351,0.779407,0.0223,""
"astd","Arabic","short tweet",2,"tfidf_svm","TF-IDF","SVM",42,0.763158,0.727898,0.728658,0.728274,0.763355,0.011,""
"astd","Arabic","short tweet",2,"tfidf_svm","TF-IDF","SVM",123,0.775304,0.741809,0.73591,0.73865,0.773917,0.0125,""
"astd","Arabic","short tweet",2,"tfidf_svm","TF-IDF","SVM",2024,0.773279,0.739457,0.732746,0.735829,0.771669,0.0154,""
"astd","Arabic","short tweet",2,"vec2tec_lr","Vec2Tec","LR",42,0.684211,0.629375,0.618652,0.622302,0.677401,0.0416,""
"astd","Arabic","short tweet",2,"vec2tec_lr","Vec2Tec","LR",123,0.661943,0.596499,0.583842,0.586507,0.650145,0.2132,""
"astd","Arabic","short tweet",2,"vec2tec_lr","Vec2Tec","LR",2024,0.659919,0.609177,0.609177,0.609177,0.659919,0.0766,""
"astd","Arabic","short tweet",2,"vec2tec_svm","Vec2Tec","SVM",42,0.680162,0.625,0.615676,0.618946,0.673979,0.0556,""
"astd","Arabic","short tweet",2,"vec2tec_svm","Vec2Tec","SVM",123,0.678138,0.622849,0.614188,0.617273,0.672267,0.1814,""
"astd","Arabic","short tweet",2,"vec2tec_svm","Vec2Tec","SVM",2024,0.676113,0.632861,0.637847,0.634885,0.679094,0.0895,""
"astd","Arabic","short tweet",2,"word2vec_lr","Word2Vec","LR",42,0.678138,0.625821,0.620894,0.622946,0.674925,0.0925,""
"astd","Arabic","short tweet",2,"word2vec_lr","Word2Vec","LR",123,0.657895,0.594021,0.584219,0.586725,0.648521,0.0579,""
"astd","Arabic","short tweet",2,"word2vec_lr","Word2Vec","LR",2024,0.635628,0.58577,0.587967,0.58668,0.637931,0.0597,""
"astd","Arabic","short tweet",2,"word2vec_svm","Word2Vec","SVM",42,0.678138,0.625821,0.620894,0.622946,0.674925,0.119,""
"astd","Arabic","short tweet",2,"word2vec_svm","Word2Vec","SVM",123,0.668016,0.60825,0.598365,0.601362,0.660097,0.0769,""
"astd","Arabic","short tweet",2,"word2vec_svm","Word2Vec","SVM",2024,0.665992,0.624971,0.632083,0.627391,0.670605,0.0799,""
"astd4","Arabic","short tweet",4,"tfidf_lr","TF-IDF","LR",42,0.471698,0.475779,0.471698,0.472772,0.472772,0.2968,""
"astd4","Arabic","short tweet",4,"tfidf_lr","TF-IDF","LR",123,0.471698,0.475779,0.471698,0.472772,0.472772,0.5527,""
"astd4","Arabic","short tweet",4,"tfidf_lr","TF-IDF","LR",2024,0.471698,0.475779,0.471698,0.472772,0.472772,0.2539,""
"astd4","Arabic","short tweet",4,"tfidf_svm","TF-IDF","SVM",42,0.459119,0.460736,0.459119,0.459352,0.459352,0.0237,""
"astd4","Arabic","short tweet",4,"tfidf_svm","TF-IDF","SVM",123,0.459119,0.460736,0.459119,0.459352,0.459352,0.0444,""
"astd4","Arabic","short tweet",4,"tfidf_svm","TF-IDF","SVM",2024,0.459119,0.460736,0.459119,0.459352,0.459352,0.0181,""
"astd4","Arabic","short tweet",4,"vec2tec_lr","Vec2Tec","LR",42,0.353774,0.358005,0.353774,0.331967,0.331967,0.1847,""
"astd4","Arabic","short tweet",4,"vec2tec_lr","Vec2Tec","LR",123,0.331761,0.321034,0.331761,0.300752,0.300752,0.2186,""
"astd4","Arabic","short tweet",4,"vec2tec_lr","Vec2Tec","LR",2024,0.339623,0.333726,0.339623,0.311663,0.311663,0.5421,""
"astd4","Arabic","short tweet",4,"vec2tec_svm","Vec2Tec","SVM",42,0.377358,0.371806,0.377358,0.361032,0.361032,0.419,""
"astd4","Arabic","short tweet",4,"vec2tec_svm","Vec2Tec","SVM",123,0.355346,0.352722,0.355346,0.334868,0.334868,0.3963,""
"astd4","Arabic","short tweet",4,"vec2tec_svm","Vec2Tec","SVM",2024,0.382075,0.387137,0.382075,0.359812,0.359812,0.7317,""
"astd4","Arabic","short tweet",4,"word2vec_lr","Word2Vec","LR",42,0.349057,0.358898,0.349057,0.325034,0.325034,0.1317,""
"astd4","Arabic","short tweet",4,"word2vec_lr","Word2Vec","LR",123,0.325472,0.318939,0.325472,0.294249,0.294249,0.2916,""
"astd4","Arabic","short tweet",4,"word2vec_lr","Word2Vec","LR",2024,0.331761,0.322939,0.331761,0.300937,0.300937,0.1302,""
"astd4","Arabic","short tweet",4,"word2vec_svm","Word2Vec","SVM",42,0.372642,0.369889,0.372642,0.353326,0.353326,0.2272,""
"astd4","Arabic","short tweet",4,"word2vec_svm","Word2Vec","SVM",123,0.366352,0.362411,0.366352,0.340494,0.340494,0.4371,""
"astd4","Arabic","short tweet",4,"word2vec_svm","Word2Vec","SVM",2024,0.374214,0.376705,0.374214,0.347851,0.347851,0.2357,""
"imdb","English","long review",2,"tfidf_lr","TF-IDF","LR",42,0.9024,0.902405,0.9024,0.9024,0.9024,1.8607,""
"imdb","English","long review",2,"tfidf_lr","TF-IDF","LR",123,0.9024,0.902405,0.9024,0.9024,0.9024,1.7074,""
"imdb","English","long review",2,"tfidf_lr","TF-IDF","LR",2024,0.9024,0.902405,0.9024,0.9024,0.9024,4.923,""
"imdb","English","long review",2,"tfidf_svm","TF-IDF","SVM",42,0.89436,0.894367,0.89436,0.89436,0.89436,0.9532,""
"imdb","English","long review",2,"tfidf_svm","TF-IDF","SVM",123,0.89436,0.894367,0.89436,0.89436,0.89436,0.9173,""
"imdb","English","long review",2,"tfidf_svm","TF-IDF","SVM",2024,0.89436,0.894367,0.89436,0.89436,0.89436,1.3552,""
"imdb","English","long review",2,"vec2tec_lr","Vec2Tec","LR",42,0.86824,0.868243,0.86824,0.86824,0.86824,1.4099,""
"imdb","English","long review",2,"vec2tec_lr","Vec2Tec","LR",123,0.87012,0.870125,0.87012,0.87012,0.87012,3.9467,""
"imdb","English","long review",2,"vec2tec_lr","Vec2Tec","LR",2024,0.86932,0.869321,0.86932,0.86932,0.86932,1.926,""
"imdb","English","long review",2,"vec2tec_svm","Vec2Tec","SVM",42,0.87524,0.875241,0.87524,0.87524,0.87524,1.322,""
"imdb","English","long review",2,"vec2tec_svm","Vec2Tec","SVM",123,0.87672,0.87672,0.87672,0.87672,0.87672,4.3667,""
"imdb","English","long review",2,"vec2tec_svm","Vec2Tec","SVM",2024,0.87576,0.875761,0.87576,0.87576,0.87576,2.1408,""
"imdb","English","long review",2,"word2vec_lr","Word2Vec","LR",42,0.85768,0.857707,0.85768,0.857677,0.857677,1.4045,""
"imdb","English","long review",2,"word2vec_lr","Word2Vec","LR",123,0.85992,0.859938,0.85992,0.859918,0.859918,1.584,""
"imdb","English","long review",2,"word2vec_lr","Word2Vec","LR",2024,0.85824,0.85827,0.85824,0.858237,0.858237,2.6438,""
"imdb","English","long review",2,"word2vec_svm","Word2Vec","SVM",42,0.86048,0.860511,0.86048,0.860477,0.860477,1.8424,""
"imdb","English","long review",2,"word2vec_svm","Word2Vec","SVM",123,0.86132,0.861328,0.86132,0.861319,0.861319,1.7408,""
"imdb","English","long review",2,"word2vec_svm","Word2Vec","SVM",2024,0.8602,0.860207,0.8602,0.860199,0.860199,2.9113,""
"labr","Arabic","long review",2,"tfidf_lr","TF-IDF","LR",42,0.833647,0.833662,0.833641,0.833643,0.833645,0.3546,""
"labr","Arabic","long review",2,"tfidf_lr","TF-IDF","LR",123,0.833647,0.833662,0.833641,0.833643,0.833645,0.293,""
"labr","Arabic","long review",2,"tfidf_lr","TF-IDF","LR",2024,0.833647,0.833662,0.833641,0.833643,0.833645,0.3928,""
"labr","Arabic","long review",2,"tfidf_svm","TF-IDF","SVM",42,0.818267,0.81828,0.818273,0.818267,0.818266,0.2449,""
"labr","Arabic","long review",2,"tfidf_svm","TF-IDF","SVM",123,0.818267,0.81828,0.818273,0.818267,0.818266,0.203,""
"labr","Arabic","long review",2,"tfidf_svm","TF-IDF","SVM",2024,0.818267,0.81828,0.818273,0.818267,0.818266,0.2937,""
"labr","Arabic","long review",2,"vec2tec_lr","Vec2Tec","LR",42,0.789077,0.789079,0.789074,0.789075,0.789076,1.2945,""
"labr","Arabic","long review",2,"vec2tec_lr","Vec2Tec","LR",123,0.788449,0.788449,0.788449,0.788449,0.788449,3.66,""
"labr","Arabic","long review",2,"vec2tec_lr","Vec2Tec","LR",2024,0.789391,0.789393,0.789393,0.789391,0.789391,2.0021,""
"labr","Arabic","long review",2,"vec2tec_svm","Vec2Tec","SVM",42,0.783114,0.783116,0.78311,0.783111,0.783112,1.7159,""
"labr","Arabic","long review",2,"vec2tec_svm","Vec2Tec","SVM",123,0.791274,0.791298,0.791282,0.791273,0.791272,5.5689,""
"labr","Arabic","long review",2,"vec2tec_svm","Vec2Tec","SVM",2024,0.788449,0.788449,0.788449,0.788449,0.788449,2.8648,""
"labr","Arabic","long review",2,"word2vec_lr","Word2Vec","LR",42,0.767734,0.767735,0.767731,0.767732,0.767733,1.3291,""
"labr","Arabic","long review",2,"word2vec_lr","Word2Vec","LR",123,0.779347,0.779351,0.77935,0.779347,0.779347,1.3328,""
"labr","Arabic","long review",2,"word2vec_lr","Word2Vec","LR",2024,0.777778,0.777785,0.777772,0.777773,0.777775,1.3898,""
"labr","Arabic","long review",2,"word2vec_svm","Word2Vec","SVM",42,0.766478,0.766505,0.766468,0.766467,0.76647,2.1249,""
"labr","Arabic","long review",2,"word2vec_svm","Word2Vec","SVM",123,0.778406,0.778439,0.778415,0.778402,0.778401,2.1221,""
"labr","Arabic","long review",2,"word2vec_svm","Word2Vec","SVM",2024,0.774325,0.774327,0.774321,0.774322,0.774324,2.3682,""
