"dataset","model","family","class","precision","recall","f1_score","support"
"astd","tfidf_lr","TF-IDF","negative",0.8294797687861272,0.8541666666666666,0.841642228739003,336.0
"astd","tfidf_lr","TF-IDF","positive",0.668918918918919,0.6265822784810127,0.6470588235294118,158.0
"astd","tfidf_svm","TF-IDF","negative",0.8255813953488372,0.8452380952380952,0.8352941176470589,336.0
"astd","tfidf_svm","TF-IDF","positive",0.6533333333333333,0.620253164556962,0.6363636363636364,158.0
"astd","vec2tec_lr","Vec2Tec","negative",0.75,0.75,0.75,336.0
"astd","vec2tec_lr","Vec2Tec","positive",0.4683544303797468,0.4683544303797468,0.4683544303797468,158.0
"astd","vec2tec_svm","Vec2Tec","negative",0.7716049382716049,0.7440476190476191,0.7575757575757576,336.0
"astd","vec2tec_svm","Vec2Tec","positive",0.4941176470588235,0.5316455696202531,0.5121951219512195,158.0
"astd","word2vec_lr","Word2Vec","negative",0.7378048780487805,0.7202380952380952,0.7289156626506024,336.0
"astd","word2vec_lr","Word2Vec","positive",0.4337349397590361,0.4556962025316455,0.4444444444444444,158.0
"astd","word2vec_svm","Word2Vec","negative",0.7697160883280757,0.7261904761904762,0.7473200612557427,336.0
"astd","word2vec_svm","Word2Vec","positive",0.480225988700565,0.5379746835443038,0.5074626865671642,158.0
"astd4","tfidf_lr","TF-IDF","negative",0.4415584415584415,0.4276729559748428,0.4345047923322683,159.0
"astd4","tfidf_lr","TF-IDF","neutral",0.4108108108108108,0.4779874213836478,0.4418604651162791,159.0
"astd4","tfidf_lr","TF-IDF","objective",0.5133333333333333,0.4842767295597484,0.4983818770226537,159.0
"astd4","tfidf_lr","TF-IDF","positive",0.5374149659863946,0.4968553459119497,0.5163398692810458,159.0
"astd4","tfidf_svm","TF-IDF","negative",0.4482758620689655,0.4088050314465409,0.4276315789473684,159.0
"astd4","tfidf_svm","TF-IDF","neutral",0.3954802259887006,0.440251572327044,0.4166666666666667,159.0
"astd4","tfidf_svm","TF-IDF","objective",0.4836601307189542,0.4654088050314465,0.4743589743589743,159.0
"astd4","tfidf_svm","TF-IDF","positive",0.515527950310559,0.5220125786163522,0.51875,159.0
"astd4","vec2tec_lr","Vec2Tec","negative",0.24,0.0754716981132075,0.1148325358851674,159.0
"astd4","vec2tec_lr","Vec2Tec","neutral",0.3113207547169811,0.6226415094339622,0.4150943396226415,159.0
"astd4","vec2tec_lr","Vec2Tec","objective",0.4402985074626865,0.3710691823899371,0.4027303754266211,159.0
"astd4","vec2tec_lr","Vec2Tec","positive",0.3432835820895522,0.2893081761006289,0.3139931740614334,159.0
"astd4","vec2tec_svm","Vec2Tec","negative",0.3508771929824561,0.1257861635220125,0.1851851851851851,159.0
"astd4","vec2tec_svm","Vec2Tec","neutral",0.3436426116838488,0.6289308176100629,0.4444444444444444,159.0
"astd4","vec2tec_svm","Vec2Tec","objective",0.4276729559748428,0.4276729559748428,0.4276729559748428,159.0
"astd4","vec2tec_svm","Vec2Tec","positive",0.4263565891472868,0.3459119496855345,0.3819444444444444,159.0
"astd4","word2vec_lr","Word2Vec","negative",0.2340425531914893,0.0691823899371069,0.1067961165048543,159.0
"astd4","word2vec_lr","Word2Vec","neutral",0.3117283950617284,0.6352201257861635,0.4182194616977225,159.0
"astd4","word2vec_lr","Word2Vec","objective",0.4253731343283582,0.3584905660377358,0.3890784982935154,159.0
"astd4","word2vec_lr","Word2Vec","positive",0.3206106870229007,0.2641509433962264,0.2896551724137931,159.0
"astd4","word2vec_svm","Word2Vec","negative",0.3333333333333333,0.10062893081761,0.1545893719806763,159.0
"astd4","word2vec_svm","Word2Vec","neutral",0.3333333333333333,0.6226415094339622,0.4342105263157895,159.0
"astd4","word2vec_svm","Word2Vec","objective",0.4417177914110429,0.4528301886792453,0.4472049689440994,159.0
"astd4","word2vec_svm","Word2Vec","positive",0.3984375,0.320754716981132,0.3554006968641115,159.0
"imdb","tfidf_lr","TF-IDF","negative",0.9037566222507626,0.90072,0.902235756070198,12500.0
"imdb","tfidf_lr","TF-IDF","positive",0.9010524637218944,0.90408,0.9025636929957672,12500.0
"imdb","tfidf_svm","TF-IDF","negative",0.892757549199267,0.8964,0.8945750668635982,12500.0
"imdb","tfidf_svm","TF-IDF","positive",0.895975580367901,0.89232,0.8941440538698946,12500.0
"imdb","vec2tec_lr","Vec2Tec","negative",0.868641699273337,0.87024,0.8694401150941135,12500.0
"imdb","vec2tec_lr","Vec2Tec","positive",0.8700008014747135,0.8684,0.8691996636905953,12500.0
"imdb","vec2tec_svm","Vec2Tec","negative",0.8763018746995673,0.87504,0.8756704827475783,12500.0
"imdb","vec2tec_svm","Vec2Tec","positive",0.875219683655536,0.87648,0.875849388440323,12500.0
"imdb","word2vec_lr","Word2Vec","negative",0.8550023783098145,0.8628,0.8588834912797643,12500.0
"imdb","word2vec_lr","Word2Vec","positive",0.8615372194413047,0.85368,0.8575906131961746,12500.0
"imdb","word2vec_svm","Word2Vec","negative",0.8585649438560166,0.86248,0.8605180189168695,12500.0
"imdb","word2vec_svm","Word2Vec","positive",0.861850036164912,0.85792,0.8598805276029347,12500.0
"labr","tfidf_lr","TF-IDF","negative",0.8354430379746836,0.8301886792452831,0.832807570977918,1590.0
"labr","tfidf_lr","TF-IDF","positive",0.8318804483188045,0.8370927318295739,0.8344784509681449,1596.0
"labr","tfidf_svm","TF-IDF","negative",0.8157401623985009,0.8213836477987422,0.8185521780006267,1590.0
"labr","tfidf_svm","TF-IDF","positive",0.820820189274448,0.8151629072681704,0.8179817667400189,1596.0
"labr","vec2tec_lr","Vec2Tec","negative",0.7880877742946708,0.7905660377358491,0.7893249607535322,1590.0
"labr","vec2tec_lr","Vec2Tec","positive",0.7906976744186046,0.7882205513784462,0.789457169752118,1596.0
"labr","vec2tec_svm","Vec2Tec","negative",0.7880503144654089,0.7880503144654089,0.7880503144654089,1590.0
"labr","vec2tec_svm","Vec2Tec","positive",0.7888471177944862,0.7888471177944862,0.7888471177944862,1596.0
"labr","word2vec_lr","Word2Vec","negative",0.7787610619469026,0.7748427672955975,0.776796973518285,1590.0
"labr","word2vec_lr","Word2Vec","positive",0.7768079800498753,0.7807017543859649,0.77875,1596.0
"labr","word2vec_svm","Word2Vec","negative",0.7747634069400631,0.7723270440251573,0.7735433070866141,1590.0
"labr","word2vec_svm","Word2Vec","positive",0.7738913179262961,0.7763157894736842,0.7751016578041914,1596.0
