"dataset","rank","positive_word","positive_score","negative_word","negative_score"
"imdb",1,"great",35.35032,"bad",-45.737023
"imdb",2,"and",33.768479,"worst",-33.656454
"imdb",3,"his",27.416481,"no",-30.809419
"imdb",4,"best",26.24724,"just",-27.527567
"imdb",5,"as",23.53886,"movie",-25.984952
"imdb",6,"well",23.361523,"even",-25.474277
"imdb",7,"love",23.003482,"waste",-24.731237
"imdb",8,"excellent",22.731566,"nothing",-24.715254
"imdb",9,"wonderful",21.197241,"was",-22.415459
"imdb",10,"also",20.441762,"this",-22.338041
"imdb",11,"very",20.248331,"stupid",-21.267945
"imdb",12,"is",18.889236,"poor",-21.126503
"imdb",13,"loved",18.015775,"awful",-21.088578
"imdb",14,"beautiful",17.810206,"supposed",-20.980419
"imdb",15,"both",17.704075,"they",-20.829397
"imdb",16,"in",17.42224,"why",-20.789079
"imdb",17,"life",17.406779,"don't",-20.617877
"imdb",18,"favorite",17.396932,"i",-20.456534
"imdb",19,"perfect",16.951605,"bad.",-20.451227
"imdb",20,"amazing",16.503272,"or",-20.180329
"labr",1,"رائع",19.336053,"لم",-20.999635
"labr",2,"رائعه",16.154269,"الروايه",-13.968986
"labr",3,"الله",13.515409,"لا",-13.274288
"labr",4,"و",11.614561,"لكن",-12.873556
"labr",5,"الحياه",10.196349,"مش",-12.06117
"labr",6,"اروع",9.875764,"يعجبني",-11.797608
"labr",7,"كل",8.794503,"للاسف",-11.65111
"labr",8,"اجمل",8.34865,"ممله",-11.643516
"labr",9,"الانسان",8.156777,"اي",-11.525268
"labr",10,"فلسطين",7.96708,"الكاتب",-11.062515
"labr",11,"ممتع",7.827432,"القصه",-11.036485
"labr",12,"كيف",7.691038,"تعجبني",-10.610429
"labr",13,"جميل",7.675341,"ممل",-10.21397
"labr",14,"كتاب",7.669709,"غير",-9.508743
"labr",15,"استمتعت",7.473504,"الكتاب",-9.422223
"labr",16,"الاستبداد",7.365027,"جيد",-9.338471
"labr",17,"هيبا",7.340117,"نجمه",-9.323826
"labr",18,"شكرا",7.281788,"اجد",-9.263301
"labr",19,"الكتب",6.870868,"بس",-8.959371
"labr",20,"الموت",6.856558,"عاديه",-8.912106
"astd",1,"الله",9.025753,"الاخوان",-4.758658
"astd",2,"جميل",4.652677,"الانقلاب",-4.178558
"astd",3,"اللهم",4.495383,"مرسي",-3.539411
"astd",4,"خلق",4.460681,"لم",-3.203786
"astd",5,"لك",4.348671,"مش",-2.817416
"astd",6,"الحمد",4.247119,"انتخبوا",-2.763594
"astd",7,"لله",4.139156,"العرص",-2.658069
"astd",8,"شكرا",4.006779,"الرئيس",-2.58242
"astd",9,"رب",3.682766,"ضد",-2.529713
"astd",10,"الحياه",3.545683,"ده",-2.393222
"astd",11,"لي",3.379802,"مبارك",-2.141944
"astd",12,"يوم",3.376363,"او",-2.109778
"astd",13,"و",3.287269,"لو",-2.106311
"astd",14,"سلامه",3.280995,"لن",-2.052984
"astd",15,"تحيه",3.271472,"ايه",-2.052984
"astd",16,"يا",3.186965,"الشرطه",-2.024817
"astd",17,"المراه",3.185769,"علي",-2.011134
"astd",18,"النصر",3.173977,"بس",-1.985129
"astd",19,"الزمالك",3.109755,"باسم",-1.97269
"astd",20,"جدا",3.10795,"ثم",-1.916365
