"model","dataset","accuracy","precision_macro","recall_macro","f1_macro","f1_weighted","train_time_s"
"tfidf_lr","astd",0.781377,0.749199,0.740374,0.744351,0.779407,0.0223
"tfidf_svm","astd",0.773279,0.739457,0.732746,0.735829,0.771669,0.0154
"vec2tec_lr","astd",0.659919,0.609177,0.609177,0.609177,0.659919,0.0766
"vec2tec_svm","astd",0.676113,0.632861,0.637847,0.634885,0.679094,0.0895
"word2vec_lr","astd",0.635628,0.58577,0.587967,0.58668,0.637931,0.0597
"word2vec_svm","astd",0.665992,0.624971,0.632083,0.627391,0.670605,0.0799
"tfidf_lr","imdb",0.9024,0.902405,0.9024,0.9024,0.9024,4.923
"tfidf_svm","imdb",0.89436,0.894367,0.89436,0.89436,0.89436,1.3552
"vec2tec_lr","imdb",0.86932,0.869321,0.86932,0.86932,0.86932,1.926
"vec2tec_svm","imdb",0.87576,0.875761,0.87576,0.87576,0.87576,2.1408
"word2vec_lr","imdb",0.85824,0.85827,0.85824,0.858237,0.858237,2.6438
"word2vec_svm","imdb",0.8602,0.860207,0.8602,0.860199,0.860199,2.9113
"tfidf_lr","labr",0.833647,0.833662,0.833641,0.833643,0.833645,0.3928
"tfidf_svm","labr",0.818267,0.81828,0.818273,0.818267,0.818266,0.2937
"vec2tec_lr","labr",0.789391,0.789393,0.789393,0.789391,0.789391,2.0021
"vec2tec_svm","labr",0.788449,0.788449,0.788449,0.788449,0.788449,2.8648
"word2vec_lr","labr",0.777778,0.777785,0.777772,0.777773,0.777775,1.3898
"word2vec_svm","labr",0.774325,0.774327,0.774321,0.774322,0.774324,2.3682
