"model","dataset","acc_mean","acc_std","precision_macro_mean","precision_macro_std","recall_macro_mean","recall_macro_std","f1_macro_mean","f1_macro_std","f1_weighted_mean","f1_weighted_std"
"tfidf_lr","astd",0.777328,0.004049,0.744253,0.004873,0.739075,0.005789,0.741428,0.00485,0.776135,0.004005
"tfidf_svm","astd",0.77058,0.006507,0.736388,0.007446,0.732438,0.003636,0.734251,0.005365,0.769647,0.005564
"vec2tec_lr","astd",0.668691,0.013479,0.611684,0.016581,0.60389,0.017997,0.605995,0.018108,0.662488,0.013808
"vec2tec_svm","astd",0.678138,0.002025,0.626903,0.00527,0.62257,0.013251,0.623701,0.009721,0.675113,0.003552
"word2vec_lr","astd",0.65722,0.021263,0.601871,0.021148,0.597693,0.02018,0.598784,0.020925,0.653792,0.019052
"word2vec_svm","astd",0.670715,0.006507,0.619681,0.009908,0.617114,0.017174,0.617233,0.013923,0.668542,0.007626
"tfidf_lr","imdb",0.9024,0.0,0.902405,0.0,0.9024,0.0,0.9024,0.0,0.9024,0.0
"tfidf_svm","imdb",0.89436,0.0,0.894367,0.0,0.89436,0.0,0.89436,0.0,0.89436,0.0
"vec2tec_lr","imdb",0.869227,0.000943,0.86923,0.000944,0.869227,0.000943,0.869227,0.000943,0.869227,0.000943
"vec2tec_svm","imdb",0.875907,0.000751,0.875907,0.00075,0.875907,0.000751,0.875907,0.000751,0.875907,0.000751
"word2vec_lr","imdb",0.858613,0.001166,0.858638,0.00116,0.858613,0.001166,0.858611,0.001166,0.858611,0.001166
"word2vec_svm","imdb",0.860667,0.000583,0.860682,0.00058,0.860667,0.000583,0.860665,0.000583,0.860665,0.000583
"tfidf_lr","labr",0.833647,0.0,0.833662,0.0,0.833641,0.0,0.833643,0.0,0.833645,0.0
"tfidf_svm","labr",0.818267,0.0,0.81828,0.0,0.818273,0.0,0.818267,0.0,0.818266,0.0
"vec2tec_lr","labr",0.788972,0.00048,0.788974,0.000481,0.788972,0.00048,0.788972,0.000479,0.788972,0.00048
"vec2tec_svm","labr",0.787612,0.004144,0.787621,0.004153,0.787614,0.00415,0.787611,0.004145,0.787611,0.004144
"word2vec_lr","labr",0.774953,0.006301,0.774957,0.006303,0.774951,0.006302,0.774951,0.006301,0.774952,0.006301
"word2vec_svm","labr",0.77307,0.006062,0.77309,0.006062,0.773068,0.006071,0.773064,0.006066,0.773065,0.006064
