"rank","polarity","term","score"
1,"positive","great",35.35032
2,"positive","and",33.768479
3,"positive","his",27.416481
4,"positive","best",26.24724
5,"positive","as",23.53886
6,"positive","well",23.361523
7,"positive","love",23.003482
8,"positive","excellent",22.731566
9,"positive","wonderful",21.197241
10,"positive","also",20.441762
11,"positive","very",20.248331
12,"positive","is",18.889236
13,"positive","loved",18.015775
14,"positive","beautiful",17.810206
15,"positive","both",17.704075
16,"positive","in",17.42224
17,"positive","life",17.406779
18,"positive","favorite",17.396932
19,"positive","perfect",16.951605
20,"positive","amazing",16.503272
1,"negative","bad",-45.737023
2,"negative","worst",-33.656454
3,"negative","no",-30.809419
4,"negative","just",-27.527567
5,"negative","movie",-25.984952
6,"negative","even",-25.474277
7,"negative","waste",-24.731237
8,"negative","nothing",-24.715254
9,"negative","was",-22.415459
10,"negative","this",-22.338041
11,"negative","stupid",-21.267945
12,"negative","poor",-21.126503
13,"negative","awful",-21.088578
14,"negative","supposed",-20.980419
15,"negative","they",-20.829397
16,"negative","why",-20.789079
17,"negative","don't",-20.617877
18,"negative","i",-20.456534
19,"negative","bad.",-20.451227
20,"negative","or",-20.180329
